symboling,normalized-losses,make,fuel-type,aspiration,num-of-doors,body-style,drive-wheels,engine-location,wheel-base,length,width,height,curb-weight,engine-type,num-of-cylinders,engine-size,fuel-system,bore,stroke,compression-ratio,horsepower,peak-rpm,city-mpg,highway-mpg,price
1.739213,0,-1.943498,-0.327995,-0.468149,-1.138865,-2.151411,-1.210367,-0.121569,-1.686643,-0.42548,-0.842719,-2.015483,-0.014531,-2.008839,-0.400385,0.074267,-0.676727,0.517822,-1.834912,-0.287645,0.170647,-0.262841,-0.644974,-0.544725,13495
1.739213,0,-1.943498,-0.327995,-0.468149,-1.138865,-2.151411,-1.210367,-0.121569,-1.686643,-0.42548,-0.842719,-2.015483,-0.014531,-2.008839,-0.400385,0.074267,-0.676727,0.517822,-1.834912,-0.287645,0.170647,-0.262841,-0.644974,-0.544725,16500
0.133183,0,-1.943498,-0.327995,-0.468149,-1.138865,-0.956183,-1.210367,-0.121569,-0.706865,-0.230948,-0.190101,-0.5422,0.513625,-1.077137,0.396498,0.602571,-0.676727,-2.39899,0.684245,-0.287645,1.258726,-0.262841,-0.950684,-0.689938,16500
0.936198,1.325715,-1.784131,-0.327995,-0.468149,0.873784,0.239046,0.587642,-0.121569,0.173274,0.20675,0.136209,0.235366,-0.41977,-0.145436,-0.400385,-0.430023,-0.676727,-0.515985,0.461028,-0.035885,-0.05709,0.785423,-0.186409,-0.109087,13950
0.936198,1.325715,-1.784131,-0.327995,-0.468149,0.873784,0.239046,2.385652,-0.121569,0.106848,0.20675,0.22944,0.235366,0.515545,-0.145436,1.19338,0.21835,-0.676727,-0.515985,0.461028,-0.539405,0.271864,0.785423,-1.10354,-1.270789,17450
0.936198,0,-1.784131,-0.327995,-0.468149,-1.138865,0.239046,0.587642,-0.121569,0.173274,0.263488,0.182824,-0.255728,-0.093274,-0.145436,1.19338,0.21835,-0.676727,-0.515985,0.461028,-0.413525,0.145343,0.785423,-0.950684,-0.835151,15250
0.133183,1.136327,-1.784131,-0.327995,-0.468149,0.873784,0.239046,0.587642,-0.121569,1.169657,1.511737,2.560221,0.808309,0.553956,-0.145436,1.19338,0.21835,-0.676727,-0.515985,0.461028,-0.413525,0.145343,0.785423,-0.950684,-0.835151,17710
0.133183,0,-1.784131,-0.327995,-0.468149,0.873784,1.434274,0.587642,-0.121569,1.169657,1.511737,2.560221,0.808309,0.765219,-0.145436,1.19338,0.21835,-0.676727,-0.515985,0.461028,-0.413525,0.145343,0.785423,-0.950684,-0.835151,18920
0.133183,1.136327,-1.784131,-0.327995,2.125651,0.873784,0.239046,0.587642,-0.121569,1.169657,1.511737,2.560221,0.890159,1.018733,-0.145436,1.19338,0.098281,-0.676727,-0.737515,0.461028,-0.463877,0.904468,0.785423,-1.256395,-1.561215,23875
0.936198,2.209526,-1.624764,-0.327995,-0.468149,-1.138865,0.239046,-1.210367,-0.121569,0.405763,0.222961,-0.51641,0.235366,-0.308377,-0.145436,-0.400385,-0.454037,-0.676727,0.628587,-1.452255,-0.337997,-0.082394,1.414382,-0.339264,-0.2543,16430
-0.669832,2.209526,-1.624764,-0.327995,-0.468149,0.873784,0.239046,-1.210367,-0.121569,0.405763,0.222961,-0.51641,0.235366,-0.308377,-0.145436,-0.400385,-0.454037,-0.676727,0.628587,-1.452255,-0.337997,-0.082394,1.414382,-0.339264,-0.2543,16925
-0.669832,2.083267,-1.624764,-0.327995,-0.468149,-1.138865,0.239046,-1.210367,-0.121569,0.405763,0.222961,-0.51641,0.235366,0.296601,-0.145436,0.396498,0.890737,-0.676727,-0.072925,-0.208621,-0.287645,0.423689,-1.835237,-0.644974,-0.399512,20970
-0.669832,2.083267,-1.624764,-0.327995,-0.468149,0.873784,0.239046,-1.210367,-0.121569,0.405763,0.222961,-0.51641,0.235366,0.402232,-0.145436,0.396498,0.890737,-0.676727,-0.072925,-0.208621,-0.287645,0.423689,-1.835237,-0.644974,-0.399512,21105
0.133183,0,-1.624764,-0.327995,-0.468149,0.873784,0.239046,-1.210367,-0.121569,0.78771,1.211833,0.462518,0.808309,0.959196,-0.145436,0.396498,0.890737,-0.676727,-0.072925,-0.208621,-0.287645,0.423689,-1.835237,-0.797829,-0.835151,24565
-0.669832,0,-1.624764,-0.327995,-0.468149,0.873784,0.239046,-1.210367,-0.121569,0.78771,1.211833,0.462518,0.808309,1.295294,-0.145436,0.396498,1.971359,-0.676727,1.071647,0.42914,-0.539405,1.967242,0.575771,-1.40925,-1.270789,30760
-0.669832,0,-1.624764,-0.327995,-0.468149,-1.138865,0.239046,-1.210367,-0.121569,0.78771,1.600897,0.928674,-0.010181,1.583379,-0.145436,0.396498,1.971359,-0.676727,1.071647,0.42914,-0.539405,1.967242,0.575771,-1.40925,-1.270789,41315
-0.669832,0,-1.624764,-0.327995,-0.468149,0.873784,0.239046,-1.210367,-0.121569,1.867126,1.860274,2.327143,1.053857,1.82345,-0.145436,0.396498,1.971359,-0.676727,1.071647,0.42914,-0.539405,1.967242,0.575771,-1.562105,-1.561215,36880
0.936198,-0.031565,-1.465398,-0.327995,-0.468149,-1.138865,-0.956183,0.587642,-0.121569,-1.719856,-2.670706,-2.614113,-0.214804,-2.050329,0.786265,1.990263,-1.582686,-0.218875,-1.549791,-0.71883,-0.161765,-1.423514,-0.053188,3.32926,3.230809,5151
0.133183,-0.757552,-1.465398,-0.327995,-0.468149,-1.138865,-0.956183,0.587642,-0.121569,-0.706865,-1.471091,-1.075797,-0.705898,-1.308991,-0.145436,-0.400385,-0.886286,-0.218875,-1.106731,-0.463725,-0.136589,-0.866823,0.575771,1.953563,1.77868,6295
-0.669832,-1.294151,-1.465398,-0.327995,-0.468149,0.873784,0.239046,0.587642,-0.121569,-0.706865,-1.236031,-1.075797,-0.705898,-1.241772,-0.145436,-0.400385,-0.886286,-0.218875,-1.106731,-0.463725,-0.136589,-0.866823,0.575771,1.953563,1.77868,6575
0.133183,-0.126259,-1.306031,-0.327995,-0.468149,-1.138865,-0.956183,0.587642,-0.121569,-0.839717,-1.357613,-0.982566,-1.196993,-1.30515,-0.145436,-0.400385,-0.886286,-0.218875,-1.328261,-0.081069,-0.184423,-0.917431,0.785423,1.800708,1.488255,5572
0.133183,-0.126259,-1.306031,-0.327995,-0.468149,-1.138865,-0.956183,0.587642,-0.121569,-0.839717,-1.357613,-0.982566,-1.196993,-1.30515,-0.145436,-0.400385,-0.886286,-0.218875,-1.328261,-0.081069,-0.186941,-0.917431,0.785423,0.883577,1.052616,6377
0.133183,-0.126259,-1.306031,-0.327995,2.125651,-1.138865,-0.956183,0.587642,-0.121569,-0.839717,-1.357613,-0.982566,-1.196993,-0.821168,-0.145436,-0.400385,-0.694175,-0.676727,-1.106731,0.42914,-0.640108,-0.05709,0.785423,-0.186409,-0.109087,7957
0.133183,0.820681,-1.306031,-0.327995,-0.468149,0.873784,-0.956183,0.587642,-0.121569,-0.839717,-1.357613,-0.982566,-1.278842,-1.130379,-0.145436,-0.400385,-0.886286,-0.218875,-1.328261,-0.081069,-0.186941,-0.917431,0.785423,0.883577,1.052616,6229
0.133183,0.820681,-1.306031,-0.327995,-0.468149,0.873784,0.239046,0.587642,-0.121569,-0.839717,-1.357613,-0.982566,-1.278842,-1.088126,-0.145436,-0.400385,-0.886286,-0.218875,-1.328261,-0.081069,-0.186941,-0.917431,0.785423,0.883577,1.052616,6692
0.133183,0.820681,-1.306031,-0.327995,-0.468149,0.873784,0.239046,0.587642,-0.121569,-0.839717,-1.357613,-0.982566,-1.278842,-1.088126,-0.145436,-0.400385,-0.886286,-0.218875,-1.328261,-0.081069,-0.186941,-0.917431,0.785423,0.883577,1.052616,7609
0.133183,0.820681,-1.306031,-0.327995,2.125651,0.873784,0.239046,0.587642,-0.121569,-0.839717,-1.357613,-0.982566,-1.278842,-0.700172,-0.145436,-0.400385,-0.694175,-0.676727,-1.106731,0.42914,-0.640108,-0.05709,0.785423,-0.186409,-0.109087,8558
-1.472847,-0.378776,-1.306031,-0.327995,-0.468149,0.873784,1.434274,0.587642,-0.121569,0.754497,0.04464,-0.609641,2.486215,-0.039498,-0.145436,-0.400385,-0.117843,-0.218875,0.03784,0.652357,-0.413525,-0.411348,-0.262841,-0.186409,-0.109087,8921
1.739213,0.725987,-1.306031,-0.327995,2.125651,-1.138865,-0.956183,0.587642,-0.121569,-0.474376,-0.068838,0.182824,-1.44254,0.490578,-0.145436,-0.400385,0.698626,0.238976,0.997803,2.055431,-0.791164,1.030988,-0.262841,-0.950684,-0.980364,12964
0.936198,0.47347,-1.146664,-0.327995,-0.468149,-1.138865,-0.956183,0.587642,-0.121569,-2.018771,-2.387013,-0.935951,-1.196993,-1.618202,-0.145436,-0.400385,-0.838258,0.696828,-1.549791,0.492916,-0.136589,-1.170473,-0.682146,3.63497,3.376022,6479
0.936198,0.47347,-1.146664,-0.327995,-0.468149,-1.138865,-0.956183,0.587642,-0.121569,-2.018771,-2.387013,-0.935951,-1.196993,-1.414622,-0.145436,-0.400385,-0.838258,0.696828,-1.549791,0.492916,-0.237293,-0.714998,1.833687,0.883577,1.052616,6855
0.133183,-0.662858,-1.146664,-0.327995,-0.468149,-1.138865,-0.956183,0.587642,-0.121569,-0.839717,-1.949316,-0.889335,-0.460351,-1.380052,-0.145436,-0.400385,-1.150438,0.696828,-1.549791,-0.591278,-0.010709,-1.119864,0.785423,1.953563,1.633467,5399
0.133183,-0.662858,-1.146664,-0.327995,-0.468149,-1.138865,-0.956183,0.587642,-0.121569,-0.839717,-1.949316,-0.889335,-0.460351,-1.182234,-0.145436,-0.400385,-0.838258,0.696828,-1.549791,0.492916,-0.237293,-0.714998,1.833687,0.730722,0.471765,6529
0.133183,-0.662858,-1.146664,-0.327995,-0.468149,-1.138865,-0.956183,0.587642,-0.121569,-0.839717,-1.949316,-0.889335,-0.460351,-1.151505,-0.145436,-0.400385,-0.838258,0.696828,-1.549791,0.492916,-0.237293,-0.714998,1.833687,0.730722,0.471765,7129
-0.669832,-0.378776,-1.146664,-0.327995,-0.468149,0.873784,0.239046,0.587642,-0.121569,-0.374738,-0.863177,-0.889335,0.317215,-1.047795,-0.145436,-0.400385,-0.838258,0.696828,-1.549791,0.492916,-0.237293,-0.714998,1.833687,0.730722,0.471765,7295
-0.669832,-1.388845,-1.146664,-0.327995,-0.468149,0.873784,1.434274,0.587642,-0.121569,-0.374738,-1.373824,-0.935951,1.872347,-1.020907,-0.145436,-0.400385,-0.838258,0.696828,-1.51287,0.492916,-0.237293,-0.714998,1.833687,0.730722,0.471765,7295
-0.669832,-0.505034,-1.146664,-0.327995,-0.468149,-1.138865,-0.956183,0.587642,-0.121569,-0.374738,-0.530852,-0.329948,-0.173879,-0.613747,-0.145436,-0.400385,-0.406009,0.696828,-0.663671,1.035013,-0.287645,-0.461957,1.414382,0.272157,0.326552,7895
-0.669832,-0.505034,-1.146664,-0.327995,-0.468149,-1.138865,-0.956183,0.587642,-0.121569,-0.374738,-0.530852,-0.329948,-0.173879,-0.511957,-0.145436,-0.400385,-0.406009,0.696828,-0.663671,1.035013,-0.287645,-0.461957,1.414382,0.272157,0.326552,9095
-0.669832,-1.167892,-1.146664,-0.327995,-0.468149,0.873784,0.239046,0.587642,-0.121569,-0.374738,0.109484,-0.329948,0.153517,-0.483148,-0.145436,-0.400385,-0.406009,0.696828,-0.663671,1.035013,-0.287645,-0.461957,1.414382,0.272157,0.326552,8845
-0.669832,-1.167892,-1.146664,-0.327995,-0.468149,0.873784,0.239046,0.587642,-0.121569,-0.374738,0.109484,-1.588569,0.153517,-0.35255,-0.145436,-0.400385,-0.406009,0.696828,-0.663671,1.035013,-0.287645,-0.461957,1.414382,0.272157,0.326552,10295
-0.669832,-1.167892,-1.146664,-0.327995,-0.468149,0.873784,0.239046,0.587642,-0.121569,-0.374738,0.109484,-0.329948,0.153517,-0.173938,-0.145436,-0.400385,-0.406009,-0.676727,-0.663671,1.035013,-0.287645,-0.082394,1.414382,-0.186409,-0.399512,12945
0.133183,-0.47347,-1.146664,-0.327995,-0.468149,-1.138865,0.239046,0.587642,-0.121569,-0.374738,-0.401163,0.042977,-1.115144,-0.504275,-0.145436,-0.400385,-0.406009,-0.218875,-0.663671,1.035013,-0.262469,-0.107698,0.785423,-0.033554,0.036126,10345
-0.669832,0,-0.987297,-0.327995,-0.468149,0.873784,0.239046,-1.210367,-0.121569,-0.740078,-0.271475,-1.914879,-0.09203,-0.41977,-0.145436,-0.400385,-0.381995,-0.218875,-0.072925,-0.081069,-0.413525,-0.66439,-0.682146,-0.186409,-0.2543,6785
0.936198,0,-0.987297,-0.327995,-0.468149,-1.138865,-0.956183,-1.210367,-0.121569,-0.45777,-0.117471,-0.329948,-0.951446,0.342694,-0.145436,-0.400385,-0.189885,1.15468,0.370135,-0.081069,-0.237293,-0.36074,-0.262841,-0.186409,-0.2543,11048
-0.669832,0.725987,-0.82793,-0.327995,-0.468149,0.873784,0.239046,-1.210367,-0.121569,2.365318,2.071017,1.72114,-0.378502,2.900886,-2.008839,0.396498,3.148036,-0.676727,1.108568,2.916409,-0.514229,1.815417,-0.786973,-1.562105,-1.706428,32250
-0.669832,0,-0.82793,-0.327995,-0.468149,0.873784,0.239046,-1.210367,-0.121569,2.365318,2.071017,1.72114,-0.378502,2.900886,-2.008839,0.396498,3.148036,-0.676727,1.108568,2.916409,-0.514229,1.815417,-0.786973,-1.562105,-1.706428,35550
-0.669832,0,-0.82793,-0.327995,-0.468149,-1.138865,0.239046,-1.210367,-0.121569,0.538614,1.430682,2.187296,-2.424729,2.678101,-1.077137,2.787145,4.780975,-0.676727,0.776273,-1.579807,0.341755,3.991574,-0.262841,-1.867815,-1.996854,36000
0.133183,-0.568164,-0.668563,-0.327995,-0.468149,-1.138865,-0.956183,0.587642,-0.121569,-0.939355,-1.211714,-0.796104,0.153517,-1.278262,-0.145436,-0.400385,-0.862272,-0.218875,-1.106731,-0.336173,-0.287645,-0.917431,-0.262841,0.730722,0.036126,5195
0.133183,-0.568164,-0.668563,-0.327995,-0.468149,-1.138865,-0.956183,0.587642,-0.121569,-0.939355,-1.211714,-0.796104,0.153517,-1.259057,-0.145436,-0.400385,-0.862272,-0.218875,-1.106731,-0.336173,-0.287645,-0.917431,-0.262841,0.883577,1.052616,6095
0.133183,-0.568164,-0.668563,-0.327995,-0.468149,-1.138865,-0.956183,0.587642,-0.121569,-0.939355,-1.211714,-0.796104,0.153517,-1.249454,-0.145436,-0.400385,-0.862272,-0.218875,-1.106731,-0.336173,-0.287645,-0.917431,-0.262841,0.883577,1.052616,6795
0.133183,-0.284082,-0.668563,-0.327995,-0.468149,0.873784,0.239046,0.587642,-0.121569,-0.939355,-0.58759,-0.796104,0.153517,-1.172631,-0.145436,-0.400385,-0.862272,-0.218875,-1.106731,-0.336173,-0.287645,-0.917431,-0.262841,0.883577,1.052616,6695
0.133183,-0.284082,-0.668563,-0.327995,-0.468149,0.873784,0.239046,0.587642,-0.121569,-0.939355,-0.58759,-0.796104,0.153517,-1.163028,-0.145436,-0.400385,-0.862272,-0.218875,-0.922123,-0.336173,-0.287645,-0.917431,-0.262841,0.883577,1.052616,7395
1.739213,0.88381,-0.668563,-0.327995,-0.468149,-1.138865,-0.956183,-1.210367,-0.121569,-0.574014,-0.409269,-0.09687,-1.688087,-0.337186,1.717966,3.584028,-1.366562,1.612532,-0,0,-0.186941,-0.082394,1.833687,-1.256395,-1.125577,10945
1.739213,0.88381,-0.668563,-0.327995,-0.468149,-1.138865,-0.956183,-1.210367,-0.121569,-0.574014,-0.409269,-0.09687,-1.688087,-0.337186,1.717966,3.584028,-1.366562,1.612532,-0,0,-0.186941,-0.082394,1.833687,-1.256395,-1.125577,11845
1.739213,0.88381,-0.668563,-0.327995,-0.468149,-1.138865,-0.956183,-1.210367,-0.121569,-0.574014,-0.409269,-0.09687,-1.688087,-0.327583,1.717966,3.584028,-1.366562,1.612532,-0,0,-0.186941,-0.082394,1.833687,-1.256395,-1.125577,13645
1.739213,0.88381,-0.668563,-0.327995,-0.468149,-1.138865,-0.956183,-1.210367,-0.121569,-0.574014,-0.409269,-0.09687,-1.688087,-0.106718,1.717966,3.584028,-1.126424,-0.676727,-0,0,-0.186941,0.777947,1.833687,-1.40925,-1.125577,15645
0.133183,0.220953,-0.668563,-0.327995,-0.468149,-1.138865,-0.956183,0.587642,-0.121569,0.00721,0.304016,0.276055,-0.010181,-0.327583,-0.145436,-0.400385,-0.117843,-0.218875,0.222448,0.42914,-0.388349,-0.512565,-0.682146,0.119302,0.181339,8845
-0.669832,-0.220953,-0.668563,-0.327995,-0.468149,0.873784,0.239046,0.587642,-0.121569,0.00721,0.304016,0.276055,0.72646,-0.279569,-0.145436,-0.400385,-0.117843,-0.218875,0.222448,0.42914,-0.388349,-0.512565,-0.682146,0.119302,0.181339,8495
0.133183,0.220953,-0.668563,-0.327995,-0.468149,-1.138865,-0.956183,0.587642,-0.121569,0.00721,0.304016,0.276055,-0.010181,-0.327583,-0.145436,-0.400385,-0.117843,-0.218875,0.222448,0.42914,-0.388349,-0.512565,-0.682146,0.119302,0.181339,10595
-0.669832,-0.220953,-0.668563,-0.327995,-0.468149,0.873784,0.239046,0.587642,-0.121569,0.00721,0.304016,0.276055,0.72646,-0.279569,-0.145436,-0.400385,-0.117843,-0.218875,0.222448,0.42914,-0.388349,-0.512565,-0.682146,0.119302,0.181339,10245
-0.669832,0,-0.668563,3.033954,-0.468149,0.873784,0.239046,0.587642,-0.121569,0.00721,0.304016,0.276055,0.72646,-0.21619,-0.145436,-0.400385,-0.117843,2.070383,0.222448,0.42914,3.161464,-1.018648,-0.996625,1.647853,1.633467,10795
-0.669832,-0.220953,-0.668563,-0.327995,-0.468149,0.873784,-0.956183,0.587642,-0.121569,0.00721,0.304016,0.276055,0.72646,-0.25076,-0.145436,-0.400385,-0.117843,-0.218875,0.222448,0.42914,-0.388349,-0.512565,-0.682146,0.119302,0.181339,11245
-0.669832,-0.126259,-0.668563,-0.327995,-0.468149,0.873784,0.239046,-1.210367,-0.121569,1.0202,0.077062,0.089593,0.276291,0.219778,-0.145436,-0.400385,0.314405,-0.676727,1.58855,-0.304285,-0.539405,0.398385,-0.262841,-0.950684,-0.544725,18280
-0.669832,0,-0.668563,3.033954,-0.468149,0.873784,0.239046,-1.210367,-0.121569,1.0202,0.077062,0.089593,0.276291,0.277395,-0.145436,-0.400385,0.170322,2.070383,0.370135,1.226342,2.985232,-0.816215,-1.940063,0.883577,1.197829,18344
-1.472847,-0.915375,-0.509196,3.033954,2.125651,0.873784,0.239046,-1.210367,-0.121569,1.867126,1.365838,2.047449,1.135706,1.842655,-0.145436,1.19338,1.346999,2.070383,0.92396,1.226342,2.859352,0.474297,-1.625584,-0.492119,-0.835151,25552
-1.472847,-0.915375,-0.509196,3.033954,2.125651,0.873784,1.434274,-1.210367,-0.121569,1.867126,1.365838,2.047449,2.036046,2.293988,-0.145436,1.19338,1.346999,2.070383,0.92396,1.226342,2.859352,0.474297,-1.625584,-0.492119,-0.835151,28248
-0.669832,-0.915375,-0.509196,3.033954,2.125651,-1.138865,2.629503,-1.210367,-0.121569,1.319115,1.09025,2.047449,0.480913,1.804244,-0.145436,1.19338,1.346999,2.070383,0.92396,1.226342,2.859352,0.474297,-1.625584,-0.492119,-0.835151,28176
-1.472847,-0.915375,-0.509196,3.033954,2.125651,0.873784,0.239046,-1.210367,-0.121569,2.797084,2.314182,2.700067,1.053857,2.332399,-0.145436,1.19338,1.346999,2.070383,0.92396,1.226342,2.859352,0.474297,-1.625584,-0.492119,-0.835151,31600
-1.472847,0,-0.509196,-0.327995,-0.468149,0.873784,0.239046,-1.210367,-0.121569,2.797084,2.314182,2.700067,1.135706,2.274782,-1.077137,4.380911,2.571704,-0.676727,0.4809,-0.495613,-0.463877,1.28403,-0.786973,-1.40925,-1.851641,34184
1.739213,0.631293,-0.509196,-0.327995,-0.468149,-1.138865,-2.151411,-1.210367,-0.121569,-0.358131,0.506654,2.14068,-1.196993,2.169151,-1.077137,4.380911,2.571704,-0.676727,0.4809,-0.495613,-0.463877,1.28403,-0.786973,-1.40925,-1.851641,35056
-0.669832,0,-0.509196,-0.327995,-0.468149,0.873784,0.239046,-1.210367,-0.121569,3.677223,2.759985,2.700067,1.217555,2.582073,-1.077137,4.380911,4.348726,-0.676727,1.736237,0.301588,-0.539405,2.01785,-1.311105,-1.71496,-2.142067,40960
0.133183,0,-0.509196,-0.327995,-0.468149,-1.138865,2.629503,-1.210367,-0.121569,2.199254,2.038595,2.839914,0.685536,2.226768,-1.077137,4.380911,4.252671,-0.676727,1.736237,0.301588,-0.539405,2.01785,-1.311105,-1.71496,-2.142067,45400
0.133183,0,-0.34983,-0.327995,2.125651,-1.138865,-0.956183,-1.210367,-0.121569,0.654859,0.352649,0.97529,0.439989,0.680714,-0.145436,-0.400385,0.314405,-0.676727,1.662393,-0.431837,-0.539405,1.790113,-0.262841,-0.950684,-0.980364,16503
0.936198,1.231021,-0.190463,-0.327995,-0.468149,-1.138865,-0.956183,0.587642,-0.121569,-0.839717,-1.357613,-0.702873,-1.196993,-1.224486,-0.145436,-0.400385,-0.838258,-0.218875,-1.328261,-0.081069,-0.186941,-0.917431,0.785423,1.800708,1.488255,5389
0.936198,1.231021,-0.190463,-0.327995,-0.468149,-1.138865,-0.956183,0.587642,-0.121569,-0.839717,-1.357613,-0.702873,-1.196993,-1.174552,-0.145436,-0.400385,-0.838258,-0.218875,-1.328261,-0.081069,-0.186941,-0.917431,0.785423,0.883577,1.052616,6189
0.936198,1.231021,-0.190463,-0.327995,-0.468149,-1.138865,-0.956183,0.587642,-0.121569,-0.839717,-1.357613,-0.702873,-1.196993,-1.059318,-0.145436,-0.400385,-0.838258,-0.218875,-1.328261,-0.081069,-0.186941,-0.917431,0.785423,0.883577,1.052616,6669
0.133183,1.231021,-0.190463,-0.327995,2.125651,-1.138865,-0.956183,0.587642,-0.121569,-0.955961,-1.357613,-0.982566,-1.196993,-0.788518,-0.145436,-0.400385,-0.694175,2.528235,-1.106731,0.42914,-0.640108,-0.05709,0.785423,-0.186409,-0.109087,7689
1.739213,0.978504,-0.190463,-0.327995,2.125651,-1.138865,-0.956183,0.587642,-0.121569,-0.40795,-0.085049,-0.236716,-1.769936,-0.356391,-0.145436,-0.400385,-0.406009,2.528235,-0.589828,0.652357,-0.665284,0.297168,0.785423,-0.339264,-0.109087,9959
1.739213,0.978504,-0.190463,-0.327995,-0.468149,-1.138865,-0.956183,0.587642,-0.121569,-0.40795,-0.085049,-0.236716,-1.769936,-0.437055,-0.145436,-0.400385,-0.117843,-0.218875,0.074762,0.652357,-0.413525,-0.411348,-0.262841,-0.033554,0.181339,8499
1.739213,0,-0.190463,-0.327995,2.125651,-1.138865,-0.956183,0.587642,-0.121569,-0.474376,-0.068838,0.182824,-1.44254,0.53283,-0.145436,-0.400385,0.698626,2.528235,0.92396,1.927879,-0.791164,1.030988,-0.262841,-0.950684,-0.980364,12629
1.739213,0,-0.190463,-0.327995,2.125651,-1.138865,-0.956183,0.587642,-0.121569,-0.474376,-0.068838,0.182824,-1.44254,0.70184,-0.145436,-0.400385,0.698626,2.528235,0.960882,1.927879,-0.791164,1.030988,-0.262841,-0.950684,-0.980364,14869
1.739213,0,-0.190463,-0.327995,2.125651,-1.138865,-0.956183,0.587642,-0.121569,-0.474376,-0.068838,0.182824,-1.44254,0.711443,-0.145436,-0.400385,0.698626,2.528235,0.960882,1.927879,-0.791164,1.030988,-0.262841,-0.950684,-0.980364,14489
0.133183,0.094694,-0.190463,-0.327995,-0.468149,0.873784,0.239046,0.587642,-0.121569,-0.40795,-0.133682,-0.236716,-0.869596,-0.365994,-0.145436,-0.400385,-0.117843,-0.218875,0.074762,0.652357,-0.413525,-0.411348,-0.262841,-0.033554,0.181339,6989
0.133183,0.094694,-0.190463,-0.327995,-0.468149,0.873784,0.239046,0.587642,-0.121569,-0.40795,-0.133682,-0.236716,-0.869596,-0.289171,-0.145436,-0.400385,-0.117843,-0.218875,0.074762,0.652357,-0.413525,-0.411348,-0.262841,-0.033554,0.181339,8189
0.133183,0.094694,-0.190463,-0.327995,2.125651,0.873784,0.239046,0.587642,-0.121569,-0.40795,-0.133682,-0.236716,-0.869596,-0.293013,-0.145436,-0.400385,-0.406009,2.528235,-0.589828,0.652357,-0.665284,0.297168,0.785423,-0.339264,-0.109087,9279
-1.472847,0.47347,-0.190463,-0.327995,-0.468149,0.873784,0.239046,0.587642,-0.121569,-0.40795,-0.133682,-0.236716,-0.869596,-0.293013,-0.145436,-0.400385,-0.406009,2.528235,-0.589828,0.652357,-0.665284,0.297168,0.785423,-0.339264,-0.109087,9279
0.133183,0.189388,-0.031096,-0.327995,-0.468149,-1.138865,0.239046,0.587642,-0.121569,-0.706865,-0.709173,-0.982566,0.317215,-1.280183,-0.145436,-0.400385,-0.718189,-0.218875,-0.663671,0.11026,-0.186941,-0.892127,0.156465,0.883577,0.907403,5499
0.133183,0.189388,-0.031096,3.033954,-0.468149,-1.138865,0.239046,0.587642,-0.121569,-0.706865,-0.709173,-0.982566,0.317215,-1.034351,-0.145436,-0.400385,-0.574106,2.070383,-1.254418,0.684245,2.960056,-1.246385,-0.682146,3.023549,2.79517,7099
0.133183,0.189388,-0.031096,-0.327995,-0.468149,-1.138865,0.239046,0.587642,-0.121569,-0.706865,-0.709173,-0.982566,0.317215,-1.224486,-0.145436,-0.400385,-0.718189,-0.218875,-0.663671,0.11026,-0.186941,-0.892127,0.156465,0.883577,0.907403,6649
0.133183,0,-0.031096,-0.327995,-0.468149,0.873784,0.239046,0.587642,-0.121569,-0.706865,-0.709173,-0.982566,0.317215,-1.186075,-0.145436,-0.400385,-0.718189,-0.218875,-0.663671,0.11026,-0.186941,-0.892127,0.156465,0.883577,0.907403,6849
0.133183,-0.599728,-0.031096,-0.327995,-0.468149,0.873784,1.434274,0.587642,-0.121569,-0.706865,-0.312003,-0.982566,-0.09203,-1.020907,-0.145436,-0.400385,-0.718189,-0.218875,-0.663671,0.11026,-0.186941,-0.892127,0.156465,0.883577,0.907403,7349
0.133183,0.189388,-0.031096,-0.327995,-0.468149,-1.138865,0.239046,0.587642,-0.121569,-0.706865,-0.709173,-0.982566,0.317215,-1.161108,-0.145436,-0.400385,-0.718189,-0.218875,-0.663671,0.11026,-0.186941,-0.892127,0.156465,0.883577,0.907403,7299
0.133183,0.189388,-0.031096,-0.327995,-0.468149,-1.138865,-0.956183,0.587642,-0.121569,-0.706865,-0.684856,-0.982566,-0.173879,-1.013224,-0.145436,-0.400385,-0.718189,-0.218875,-0.663671,0.11026,-0.186941,-0.892127,0.156465,0.883577,0.907403,7799
0.133183,0,-0.031096,-0.327995,-0.468149,0.873784,0.239046,0.587642,-0.121569,-0.706865,-0.709173,-0.982566,0.317215,-1.122697,-0.145436,-0.400385,-0.718189,-0.218875,-0.663671,0.11026,-0.186941,-0.892127,0.156465,0.883577,0.907403,7499
0.133183,-0.599728,-0.031096,-0.327995,-0.468149,0.873784,1.434274,0.587642,-0.121569,-0.706865,-0.312003,-0.982566,-0.09203,-0.995939,-0.145436,-0.400385,-0.718189,-0.218875,-0.663671,0.11026,-0.186941,-0.892127,0.156465,0.883577,0.907403,7999
0.936198,1.451974,-0.031096,-0.327995,-0.468149,-1.138865,2.629503,0.587642,-0.121569,-0.607227,-0.944232,-0.982566,-0.173879,-1.051636,-0.145436,-0.400385,-0.718189,-0.218875,-0.663671,0.11026,-0.186941,-0.892127,0.156465,0.883577,0.907403,8249
-0.669832,-0.505034,-0.031096,-0.327995,-0.468149,0.873784,-0.956183,0.587642,-0.121569,-0.258493,-0.052626,-0.329948,0.399064,-0.444737,-0.145436,-0.400385,-0.165871,-0.218875,0.000918,0.684245,-0.413525,-0.183611,0.156465,0.272157,0.471765,8949
-0.669832,-0.505034,-0.031096,-0.327995,-0.468149,0.873784,0.239046,0.587642,-0.121569,-0.258493,-0.052626,-0.329948,0.399064,-0.48699,-0.145436,-0.400385,-0.165871,-0.218875,0.000918,0.684245,-0.413525,-0.183611,0.156465,0.272157,0.471765,9549
-0.669832,0.189388,-0.031096,-0.327995,-0.468149,0.873784,0.239046,0.587642,-0.121569,0.272912,0.620131,0.276055,0.562762,1.036018,-1.077137,0.396498,1.298972,-0.676727,0.370135,0.046484,-0.287645,1.208117,0.156465,-1.256395,-1.270789,13499
-0.669832,-0.441905,-0.031096,-0.327995,-0.468149,0.873784,1.434274,0.587642,-0.121569,0.272912,0.85519,0.276055,0.972008,1.422052,-1.077137,0.396498,1.298972,-0.676727,0.370135,0.046484,-0.287645,1.208117,0.156465,-1.256395,-1.270789,14399
-0.669832,-0.441905,-0.031096,-0.327995,-0.468149,0.873784,0.239046,0.587642,-0.121569,0.272912,0.85519,0.276055,0.562762,0.968798,-1.077137,0.396498,1.298972,-0.676727,0.370135,0.046484,-0.287645,1.208117,0.156465,-0.950684,-0.835151,13499
1.739213,2.272655,-0.031096,-0.327995,-0.468149,-1.138865,-0.956183,-1.210367,-0.121569,-1.23827,-0.271475,0.928674,-1.647163,0.989925,-1.077137,0.396498,1.298972,-0.676727,0.370135,0.046484,-0.287645,1.41055,0.156465,-0.950684,-0.835151,17199
1.739213,2.272655,-0.031096,-0.327995,2.125651,-1.138865,-0.956183,-1.210367,-0.121569,-1.23827,-0.271475,0.928674,-1.647163,1.120523,-1.077137,0.396498,1.298972,-0.676727,0.370135,0.046484,-0.589756,2.422716,0.156465,-1.256395,-1.125577,19699
0.133183,3.440547,-0.031096,-0.327995,-0.468149,-1.138865,-0.956183,-1.210367,-0.121569,0.073635,0.360754,0.928674,-1.647163,1.120523,-1.077137,0.396498,1.298972,-0.676727,0.370135,0.046484,-0.287645,1.41055,0.156465,-0.950684,-0.835151,18399
-0.669832,1.231021,0.128271,-0.327995,-0.468149,0.873784,0.239046,-1.210367,-0.121569,1.518392,1.025406,1.161752,1.217555,0.891976,0.786265,-0.400385,-0.165871,-0.676727,0.4809,-0.208621,-0.438701,-0.183611,-0.262841,-0.950684,-0.980364,11900
-0.669832,1.231021,0.128271,3.033954,2.125651,0.873784,0.239046,-1.210367,-0.121569,1.518392,1.025406,1.161752,1.217555,1.231916,0.786265,-0.400385,0.602571,2.070383,1.36702,0.843685,2.733473,-0.234219,-2.044889,0.425012,0.326552,13200
-0.669832,0,0.128271,-0.327995,-0.468149,0.873784,1.434274,-1.210367,-0.121569,2.564595,2.014278,1.161752,2.036046,1.295294,0.786265,-0.400385,-0.165871,-0.676727,0.4809,-0.208621,-0.438701,-0.183611,-0.262841,-0.950684,-0.980364,12440
-0.669832,0,0.128271,3.033954,2.125651,0.873784,1.434274,-1.210367,-0.121569,2.564595,2.014278,1.161752,2.036046,1.679407,0.786265,-0.400385,0.602571,2.070383,1.36702,0.843685,2.733473,-0.234219,-2.044889,-0.033554,-0.835151,13860
-0.669832,1.231021,0.128271,-0.327995,-0.468149,0.873784,0.239046,-1.210367,-0.121569,1.518392,1.025406,1.161752,1.217555,0.997607,0.786265,-0.400385,-0.165871,-0.676727,0.4809,-3.397427,-0.438701,-0.234219,-0.262841,-0.950684,-0.980364,15580
-0.669832,1.231021,0.128271,3.033954,2.125651,0.873784,0.239046,-1.210367,-0.121569,1.518392,1.025406,1.161752,1.217555,1.337547,0.786265,-0.400385,0.602571,2.070383,1.36702,0.843685,2.733473,-0.234219,-2.044889,0.425012,0.326552,16900
-0.669832,0,0.128271,-0.327995,-0.468149,0.873784,1.434274,-1.210367,-0.121569,2.564595,2.014278,1.161752,1.217555,1.400925,0.786265,-0.400385,-0.165871,-0.676727,0.4809,-3.397427,-0.438701,-0.234219,-0.262841,-0.950684,-0.980364,16695
-0.669832,0,0.128271,3.033954,2.125651,0.873784,1.434274,-1.210367,-0.121569,2.564595,2.014278,1.161752,2.036046,1.785038,0.786265,-0.400385,0.602571,2.070383,1.36702,0.843685,2.733473,-0.234219,-2.044889,-0.033554,-0.835151,17075
-0.669832,1.231021,0.128271,-0.327995,-0.468149,0.873784,0.239046,-1.210367,-0.121569,1.518392,1.025406,1.161752,1.217555,0.997607,0.786265,-0.400385,-0.165871,-0.676727,0.4809,-0.208621,-0.438701,-0.183611,-0.262841,-0.950684,-0.980364,16630
-0.669832,1.231021,0.128271,3.033954,2.125651,0.873784,0.239046,-1.210367,-0.121569,1.518392,1.025406,1.161752,1.217555,1.337547,0.786265,-0.400385,0.602571,2.070383,1.36702,0.843685,2.733473,-0.234219,-2.044889,0.425012,0.326552,17950
-0.669832,1.231021,0.128271,-0.327995,2.125651,0.873784,0.239046,-1.210367,-0.121569,1.534998,1.025406,1.115137,0.931083,1.103238,0.786265,-0.400385,0.170322,-0.676727,1.034725,-0.144845,-0.791164,0.955076,0.995076,-1.10354,-0.980364,18150
0.133183,-0.094694,0.287638,-0.327995,-0.468149,-1.138865,-0.956183,0.587642,-0.121569,-0.839717,-1.357613,-0.982566,-1.196993,-1.224486,-0.145436,-0.400385,-0.886286,-0.218875,-1.328261,-0.081069,-0.186941,-0.917431,0.785423,1.800708,1.488255,5572
0.133183,-0.094694,0.287638,-0.327995,2.125651,-1.138865,-0.956183,0.587642,-0.121569,-0.839717,-1.357613,-0.982566,-1.196993,-0.821168,-0.145436,-0.400385,-0.694175,2.528235,-1.106731,0.42914,-0.640108,-0.05709,0.785423,-0.186409,-0.109087,7957
0.133183,1.010069,0.287638,-0.327995,-0.468149,0.873784,-0.956183,0.587642,-0.121569,-0.839717,-1.357613,-0.982566,-1.278842,-1.130379,-0.145436,-0.400385,-0.886286,-0.218875,-1.328261,-0.081069,-0.186941,-0.917431,0.785423,0.883577,1.052616,6229
0.133183,1.010069,0.287638,-0.327995,-0.468149,0.873784,0.239046,0.587642,-0.121569,-0.839717,-0.547063,-0.982566,-1.196993,-1.088126,-0.145436,-0.400385,-0.886286,-0.218875,-1.328261,-0.081069,-0.186941,-0.917431,0.785423,0.883577,1.052616,6692
0.133183,1.010069,0.287638,-0.327995,-0.468149,0.873784,0.239046,0.587642,-0.121569,-0.839717,-0.547063,-0.982566,-1.196993,-0.700172,-0.145436,-0.400385,-0.694175,-0.218875,-1.328261,-0.081069,-0.186941,-0.917431,0.785423,0.883577,1.052616,7609
-1.472847,-1.515103,0.287638,-0.327995,-0.468149,0.873784,1.434274,0.587642,-0.121569,0.754497,0.04464,-0.609641,2.486215,-0.039498,-0.145436,-0.400385,-0.117843,-0.218875,0.074762,0.652357,-0.413525,-0.411348,-0.262841,-0.186409,-0.109087,8921
1.739213,0,0.287638,-0.327995,2.125651,-1.138865,-0.956183,-1.210367,-0.121569,-0.474376,-0.068838,0.182824,-1.44254,0.504022,-0.145436,-0.400385,0.698626,2.528235,0.960882,1.927879,-0.791164,1.030988,-0.262841,-0.950684,-0.980364,12764
1.739213,2.020138,0.447005,-0.327995,-0.468149,-1.138865,-0.956183,-1.210367,-0.121569,-0.706865,-0.417374,1.115137,-1.44254,0.427199,-0.145436,-0.400385,0.578557,-0.676727,2.25314,-0.463725,-0.161765,0.98038,0.785423,-0.950684,-0.544725,22018
1.739213,0,0.447005,-0.327995,-0.468149,-1.138865,2.629503,-1.210367,8.185651,-1.537185,-0.417374,-0.423179,-0.869596,0.384947,2.649667,0.396498,1.611151,-0.676727,1.514707,-1.133375,-0.161765,2.599845,1.624035,-1.256395,-0.835151,32528
1.739213,0,0.447005,-0.327995,-0.468149,-1.138865,2.629503,-1.210367,8.185651,-1.537185,-0.417374,-0.423179,-0.869596,0.384947,2.649667,0.396498,1.611151,-0.676727,1.514707,-1.133375,-0.161765,2.599845,1.624035,-1.256395,-0.835151,34028
1.739213,0,0.447005,-0.327995,-0.468149,-1.138865,-2.151411,-1.210367,8.185651,-1.537185,-0.417374,-0.423179,-0.869596,0.469452,2.649667,0.396498,1.611151,-0.676727,1.514707,-1.133375,-0.161765,2.599845,1.624035,-1.256395,-0.835151,37028
-0.669832,0,0.606371,-0.327995,-0.468149,0.873784,1.434274,0.587642,-0.121569,-0.441163,0.60392,0.276055,0.603687,0.045007,-0.145436,-0.400385,0.122295,-0.676727,0.4809,2.055431,-0.363173,0,0,-0.339264,0.036126,9295
0.936198,0,0.606371,-0.327995,-0.468149,-1.138865,-0.956183,0.587642,-0.121569,-0.441163,0.222961,0.322671,-1.319766,-0.18354,-0.145436,-0.400385,0.122295,-0.676727,0.4809,2.055431,-0.363173,0,0,-0.339264,0.036126,9895
1.739213,0.88381,0.765738,-0.327995,-0.468149,-1.138865,-0.956183,0.587642,-0.121569,0.057029,1.017301,0.276055,0.972008,0.196731,-0.145436,-0.400385,-0.141857,-0.676727,0.776273,-0.591278,-0.209599,0.145343,0.261291,-0.644974,-0.399512,11850
0.936198,-0.568164,0.765738,-0.327995,-0.468149,0.873784,0.239046,0.587642,-0.121569,0.057029,1.017301,0.276055,0.972008,0.267792,-0.145436,-0.400385,-0.141857,-0.676727,0.776273,-0.591278,-0.212117,0.145343,0.261291,-0.644974,-0.399512,12170
1.739213,0.88381,0.765738,-0.327995,-0.468149,-1.138865,-0.956183,0.587642,-0.121569,0.057029,1.017301,0.276055,0.972008,0.290839,-0.145436,-0.400385,-0.141857,-0.676727,-2.915893,-3.780084,-0.212117,0.145343,0.261291,-0.644974,-0.399512,15040
0.936198,-0.568164,0.765738,-0.327995,-0.468149,0.873784,0.239046,0.587642,-0.121569,0.057029,1.017301,0.276055,0.972008,0.388788,-0.145436,-0.400385,-0.141857,-0.676727,0.776273,-0.591278,-0.212117,0.145343,0.261291,-0.644974,-0.399512,15510
1.739213,0.88381,0.765738,-0.327995,2.125651,-1.138865,-0.956183,0.587642,-0.121569,0.057029,1.017301,0.276055,0.972008,0.484816,-2.008839,-0.400385,-0.141857,-0.676727,0.776273,-0.591278,-0.287645,1.41055,0.785423,-0.950684,-0.689938,18150
0.936198,-0.568164,0.765738,-0.327995,2.125651,0.873784,0.239046,0.587642,-0.121569,0.057029,1.017301,0.276055,0.972008,0.559718,-2.008839,-0.400385,-0.141857,-0.676727,0.776273,-0.591278,-0.287645,1.41055,0.785423,-0.950684,-0.689938,18620
0.936198,-1.231021,0.925105,-0.327995,-0.468149,-1.138865,-0.956183,0.587642,-0.121569,-0.839717,-1.390035,-1.169029,-0.010181,-0.970972,2.649667,-0.400385,-0.718189,-0.218875,1.071647,-2.85533,-0.287645,-0.892127,-0.472493,0.883577,0.76219,5118
0.936198,-1.231021,0.925105,-0.327995,-0.468149,-1.138865,-0.956183,0.587642,-0.121569,-0.839717,-1.30898,-1.075797,-0.010181,-0.836532,2.649667,-0.400385,-0.454037,-0.218875,1.071647,-1.962464,-0.363173,-0.79091,-1.520757,0.119302,0.036126,7053
0.936198,-1.231021,0.925105,-0.327995,-0.468149,-1.138865,-0.956183,2.385652,-0.121569,-0.906142,-1.357613,-0.982566,0.808309,-0.606065,2.649667,-0.400385,-0.454037,-0.218875,1.071647,-1.962464,-0.363173,-0.79091,-1.520757,0.119302,0.036126,7603
-0.669832,-0.631293,0.925105,-0.327995,-0.468149,0.873784,0.239046,0.587642,-0.121569,-0.258493,-0.166104,-0.236716,-0.501276,-0.788518,2.649667,-0.400385,-0.454037,-0.218875,1.071647,-1.962464,-0.161765,-0.563173,-0.682146,1.036432,0.907403,7126
-0.669832,-0.631293,0.925105,-0.327995,-0.468149,0.873784,0.239046,0.587642,-0.121569,-0.258493,-0.166104,-0.236716,-0.501276,-0.702093,2.649667,-0.400385,-0.454037,-0.218875,1.071647,-1.962464,-0.161765,-0.563173,-1.520757,0.425012,0.326552,7775
-0.669832,-0.631293,0.925105,-0.327995,-0.468149,0.873784,0.239046,0.587642,-0.121569,-0.258493,-0.166104,-0.236716,-0.501276,-0.414008,2.649667,-0.400385,-0.454037,-0.676727,1.071647,-1.962464,-0.287645,-0.259523,0.156465,0.119302,0.181339,9960
-0.669832,-0.631293,0.925105,-0.327995,-0.468149,0.873784,0.239046,2.385652,-0.121569,-0.291706,-0.166104,-0.236716,0.235366,-0.327583,2.649667,-0.400385,-0.454037,-0.218875,1.071647,-1.962464,-0.287645,-0.563173,-0.682146,-0.186409,-0.835151,9233
-0.669832,-0.631293,0.925105,-0.327995,2.125651,0.873784,0.239046,2.385652,-0.121569,-0.291706,-0.166104,-0.236716,0.235366,-0.087512,2.649667,-0.400385,-0.454037,-0.676727,1.071647,-1.962464,-0.614932,0.170647,-0.682146,-0.186409,-0.2543,11259
-0.669832,-1.041634,0.925105,-0.327995,-0.468149,0.873784,1.434274,0.587642,-0.121569,-0.291706,-0.044521,-0.236716,-0.296653,-0.510036,2.649667,-0.400385,-0.454037,-0.218875,1.071647,-1.962464,-0.287645,-0.563173,-0.682146,0.425012,0.181339,7463
-0.669832,-1.041634,0.925105,-0.327995,-0.468149,0.873784,1.434274,0.587642,-0.121569,-0.291706,-0.044521,-0.236716,-0.296653,-0.193143,2.649667,-0.400385,-0.454037,-0.676727,1.071647,-1.962464,-0.287645,-0.259523,0.156465,-0.033554,0.036126,10198
-0.669832,-1.167892,0.925105,-0.327995,-0.468149,0.873784,1.434274,2.385652,-0.121569,-0.308312,-0.036415,-0.236716,0.480913,-0.260363,2.649667,-0.400385,-0.454037,-0.218875,1.071647,-1.962464,-0.287645,-0.563173,-0.682146,-0.339264,-0.2543,8013
-0.669832,-1.167892,0.925105,-0.327995,2.125651,0.873784,1.434274,2.385652,-0.121569,-0.308312,-0.036415,-0.236716,0.480913,0.181367,2.649667,-0.400385,-0.454037,-0.676727,1.071647,-1.962464,-0.614932,0.170647,-0.682146,-0.339264,-1.125577,11694
0.133183,-1.104763,1.084472,-0.327995,-0.468149,-1.138865,-0.956183,0.587642,-0.121569,-0.507589,-1.244136,-1.075797,0.317215,-1.095809,-0.145436,-0.400385,-0.838258,-0.218875,-1.032888,-0.71883,-0.287645,-1.069256,-0.682146,1.494998,1.197829,5348
0.133183,-1.104763,1.084472,-0.327995,-0.468149,-1.138865,-0.956183,0.587642,-0.121569,-0.507589,-1.244136,-1.075797,0.317215,-0.990178,-0.145436,-0.400385,-0.838258,-0.218875,-1.032888,-0.71883,-0.287645,-1.069256,-0.682146,0.883577,1.052616,6338
0.133183,-1.515103,1.084472,-0.327995,-0.468149,0.873784,-0.956183,0.587642,-0.121569,-0.507589,-1.244136,-1.075797,0.317215,-1.038192,-0.145436,-0.400385,-0.838258,-0.218875,-1.032888,-0.71883,-0.287645,-1.069256,-0.682146,0.883577,1.052616,6488
-0.669832,-1.420409,1.084472,-0.327995,-0.468149,0.873784,1.434274,0.587642,-0.121569,-0.507589,-0.35253,-1.075797,2.199744,-0.529242,-0.145436,-0.400385,-0.838258,-0.218875,-1.032888,-0.71883,-0.287645,-1.069256,-0.682146,0.883577,0.907403,6918
-0.669832,-1.294151,1.084472,-0.327995,-0.468149,0.873784,1.434274,2.385652,-0.121569,-0.507589,-0.35253,-1.075797,2.199744,-0.510036,-0.145436,-0.400385,-0.838258,-0.218875,-1.032888,-0.71883,-0.287645,-1.069256,-0.682146,0.272157,0.181339,7898
-0.669832,-0.978504,1.084472,-0.327995,-0.468149,0.873784,1.434274,2.385652,-0.121569,-0.507589,-0.35253,-1.075797,2.199744,1.064827,-0.145436,-0.400385,-0.838258,-0.218875,-1.032888,-0.71883,-0.287645,-1.069256,-0.682146,0.272157,0.181339,8778
-0.669832,-0.978504,1.084472,-0.327995,-0.468149,0.873784,0.239046,0.587642,-0.121569,-0.507589,-0.628118,-0.702873,-0.296653,-0.911434,-0.145436,-0.400385,-0.694175,-0.218875,-0.515985,-0.71883,-0.287645,-0.866823,-0.682146,0.730722,0.907403,6938
-0.669832,-0.978504,1.084472,-0.327995,-0.468149,0.873784,-0.956183,0.587642,-0.121569,-0.507589,-0.628118,-0.702873,-0.378502,-0.857659,-0.145436,-0.400385,-0.694175,-0.218875,-0.515985,-0.71883,-0.287645,-0.866823,-0.682146,0.730722,0.907403,7198
-0.669832,-0.978504,1.084472,3.033954,-0.468149,0.873784,0.239046,0.587642,-0.121569,-0.507589,-0.628118,-0.702873,-0.296653,-0.538845,-0.145436,-0.400385,-0.406009,2.070383,-0.220612,0.301588,3.111112,-1.221081,-1.311105,1.342143,0.76219,7898
-0.669832,-0.978504,1.084472,3.033954,-0.468149,0.873784,-0.956183,0.587642,-0.121569,-0.507589,-0.628118,-0.702873,-0.378502,-0.538845,-0.145436,-0.400385,-0.406009,2.070383,-0.220612,0.301588,3.111112,-1.221081,-1.311105,1.953563,2.359532,7788
-0.669832,-0.978504,1.084472,-0.327995,-0.468149,0.873784,0.239046,0.587642,-0.121569,-0.507589,-0.628118,-0.702873,-0.296653,-0.886467,-0.145436,-0.400385,-0.694175,-0.218875,-0.515985,-0.71883,-0.287645,-0.866823,-0.682146,1.953563,2.359532,7738
-0.669832,-0.978504,1.084472,-0.327995,-0.468149,0.873784,-0.956183,0.587642,-0.121569,-0.507589,-0.628118,-0.702873,-0.378502,-0.832691,-0.145436,-0.400385,-0.694175,-0.218875,-0.515985,-0.71883,-0.287645,-0.866823,-0.682146,0.425012,0.471765,8358
-0.669832,-0.978504,1.084472,-0.327995,-0.468149,0.873784,0.239046,0.587642,-0.121569,-0.507589,-0.628118,-0.702873,-0.378502,-0.798121,-0.145436,-0.400385,-0.694175,-0.218875,-0.515985,-0.71883,-0.287645,-0.866823,-0.682146,0.425012,0.471765,9258
0.133183,1.451974,1.084472,-0.327995,-0.468149,-1.138865,0.239046,-1.210367,-0.121569,-0.706865,-0.433585,-0.889335,-0.460351,-0.742425,-0.145436,-0.400385,-0.694175,-0.218875,-0.515985,-0.71883,-0.287645,-0.866823,-0.682146,0.577867,0.471765,8058
0.133183,1.451974,1.084472,-0.327995,-0.468149,-1.138865,-0.956183,-1.210367,-0.121569,-0.706865,-0.433585,-0.889335,-0.460351,-0.675205,-0.145436,-0.400385,-0.694175,-0.218875,-0.515985,-0.71883,-0.287645,-0.866823,-0.682146,0.577867,0.471765,8238
0.133183,1.451974,1.084472,-0.327995,-0.468149,-1.138865,0.239046,-1.210367,-0.121569,-0.706865,-0.433585,-0.889335,-0.460351,-0.558051,-2.008839,-0.400385,-0.694175,-0.676727,-0.331377,-0.55939,-0.186941,0.195951,3.091604,0.119302,-0.2543,9298
0.133183,1.451974,1.084472,-0.327995,-0.468149,-1.138865,-0.956183,-1.210367,-0.121569,-0.706865,-0.433585,-0.889335,-0.460351,-0.490831,-2.008839,-0.400385,-0.694175,-0.676727,-0.331377,-0.55939,-0.186941,0.195951,3.091604,0.119302,-0.2543,9538
0.936198,0.378776,1.084472,-0.327995,-0.468149,-1.138865,2.629503,-1.210367,-0.121569,-0.059216,0.174328,-0.143485,-0.705898,-0.029895,-0.145436,-0.400385,0.458488,-0.676727,1.071647,0.779909,-0.212117,0.297168,-0.682146,-0.186409,-0.109087,8449
0.936198,0.378776,1.084472,-0.327995,-0.468149,-1.138865,2.629503,-1.210367,-0.121569,-0.059216,0.174328,-0.143485,-0.705898,-0.037577,-0.145436,-0.400385,0.458488,-0.676727,1.071647,0.779909,-0.212117,0.297168,-0.682146,-0.186409,-0.109087,9639
0.936198,0.378776,1.084472,-0.327995,-0.468149,-1.138865,-0.956183,-1.210367,-0.121569,-0.059216,0.174328,-0.143485,-0.705898,-0.008769,-0.145436,-0.400385,0.458488,-0.676727,1.071647,0.779909,-0.212117,0.297168,-0.682146,-0.186409,-0.109087,9989
0.936198,0.378776,1.084472,-0.327995,-0.468149,-1.138865,2.629503,-1.210367,-0.121569,-0.059216,0.174328,-0.143485,-0.705898,0.237063,-0.145436,-0.400385,0.458488,-0.676727,1.071647,0.779909,-0.212117,0.297168,-0.682146,-0.186409,-0.109087,11199
0.936198,0.378776,1.084472,-0.327995,-0.468149,-1.138865,-0.956183,-1.210367,-0.121569,-0.059216,0.174328,-0.143485,-0.705898,0.304283,-0.145436,-0.400385,0.458488,-0.676727,1.071647,0.779909,-0.212117,0.297168,-0.682146,-0.186409,-0.109087,11549
0.936198,0.378776,1.084472,-0.327995,-0.468149,-1.138865,-2.151411,-1.210367,-0.121569,-0.059216,0.174328,-0.143485,-0.296653,0.80555,-0.145436,-0.400385,0.458488,-0.676727,1.071647,0.779909,-0.212117,0.297168,-0.682146,-0.186409,-0.109087,17669
-1.472847,-1.799185,1.084472,-0.327995,-0.468149,0.873784,0.239046,0.587642,-0.121569,0.60504,0.125695,0.276055,0.480913,-0.440896,-0.145436,-0.400385,-0.117843,-0.676727,-0.072925,0.907461,-0.363173,-0.310132,-1.940063,0.577867,0.471765,8948
-1.472847,-1.799185,1.084472,3.033954,2.125651,0.873784,0.239046,0.587642,-0.121569,0.60504,0.125695,0.276055,0.480913,-0.145129,-0.145436,-0.400385,-0.406009,2.070383,-0.220612,0.301588,3.111112,-0.79091,-1.311105,0.730722,0.326552,10698
-1.472847,-1.799185,1.084472,-0.327995,-0.468149,0.873784,-0.956183,0.587642,-0.121569,0.60504,0.125695,0.276055,0.071668,-0.271886,-0.145436,-0.400385,-0.117843,-0.676727,-0.072925,0.907461,-0.363173,-0.310132,-1.940063,0.272157,0.181339,9988
-1.472847,-1.799185,1.084472,-0.327995,-0.468149,0.873784,0.239046,0.587642,-0.121569,0.60504,0.125695,0.276055,0.480913,-0.271886,-0.145436,-0.400385,-0.117843,-0.676727,-0.072925,0.907461,-0.363173,-0.310132,-1.940063,0.272157,0.181339,10898
-1.472847,-1.799185,1.084472,-0.327995,-0.468149,0.873784,-0.956183,0.587642,-0.121569,0.60504,0.125695,0.276055,0.071668,-0.187382,-0.145436,-0.400385,-0.117843,-0.676727,-0.072925,0.907461,-0.363173,-0.310132,-1.940063,0.272157,0.181339,11248
1.739213,2.367349,1.084472,-0.327995,-0.468149,-1.138865,-0.956183,-1.210367,-0.121569,0.688072,0.76603,0.835443,-0.705898,0.807471,-2.008839,0.396498,1.058834,-0.676727,-0.220612,0.301588,-0.212117,1.435855,0.156465,-0.797829,-0.980364,16558
1.739213,2.367349,1.084472,-0.327995,-0.468149,-1.138865,-0.956183,-1.210367,-0.121569,0.688072,0.76603,0.835443,-0.705898,0.884294,-2.008839,0.396498,1.058834,-0.676727,-0.220612,0.301588,-0.212117,1.435855,0.156465,-0.950684,-0.980364,15998
-1.472847,-1.010069,1.084472,-0.327995,-0.468149,0.873784,0.239046,-1.210367,-0.121569,0.953774,1.114567,0.276055,0.153517,1.105158,-2.008839,0.396498,1.058834,-0.676727,-0.220612,0.301588,-0.237293,1.309334,0.156465,-0.797829,-0.980364,15690
-1.472847,0,1.084472,-0.327995,-0.468149,0.873784,1.434274,-1.210367,-0.121569,0.953774,1.114567,0.276055,0.153517,1.14357,-2.008839,0.396498,0.818695,-0.676727,-0.220612,0.301588,-0.237293,1.309334,0.156465,-0.950684,-0.980364,15750
0.936198,0,1.243839,3.033954,-0.468149,-1.138865,0.239046,0.587642,-0.121569,-0.241886,-0.19042,-0.190101,0.808309,-0.565733,-0.145436,-0.400385,-0.718189,2.070383,-1.180575,0.461028,3.236992,-1.322298,-0.682146,1.800708,2.214319,7775
0.936198,0,1.243839,-0.327995,-0.468149,-1.138865,0.239046,0.587642,-0.121569,-0.241886,-0.19042,-0.190101,0.808309,-0.665602,-0.145436,-0.400385,-0.430023,-0.676727,-0.515985,0.461028,-0.287645,-0.487261,0.261291,0.272157,0.471765,7975
0.936198,-0.88381,1.243839,3.033954,-0.468149,0.873784,0.239046,0.587642,-0.121569,-0.241886,-0.19042,-0.190101,0.808309,-0.559971,-0.145436,-0.400385,-0.718189,2.070383,-1.180575,0.461028,3.236992,-1.322298,-0.682146,1.800708,2.214319,7995
0.936198,-0.88381,1.243839,-0.327995,-0.468149,0.873784,0.239046,0.587642,-0.121569,-0.241886,-0.19042,-0.190101,0.808309,-0.65984,-0.145436,-0.400385,-0.430023,-0.676727,-0.515985,0.461028,-0.287645,-0.487261,0.261291,0.272157,0.471765,8195
0.936198,-0.88381,1.243839,-0.327995,-0.468149,0.873784,0.239046,0.587642,-0.121569,-0.241886,-0.19042,-0.190101,0.808309,-0.538845,-0.145436,-0.400385,-0.430023,-0.676727,-0.515985,0.461028,-0.287645,-0.487261,0.261291,0.272157,0.471765,8495
0.936198,-0.88381,1.243839,3.033954,2.125651,0.873784,0.239046,0.587642,-0.121569,-0.241886,-0.19042,-0.190101,0.808309,-0.45434,-0.145436,-0.400385,-0.718189,2.070383,-1.180575,0.461028,3.236992,-0.917431,-1.311105,1.800708,1.633467,9495
0.936198,-0.88381,1.243839,-0.327995,-0.468149,0.873784,0.239046,0.587642,-0.121569,-0.241886,-0.19042,-0.190101,0.808309,-0.490831,-0.145436,-0.400385,-0.430023,-0.676727,-0.515985,0.461028,-0.035885,-0.107698,0.785423,0.119302,0.181339,9995
1.739213,0,1.243839,-0.327995,-0.468149,-1.138865,-2.151411,0.587642,-0.121569,-0.706865,-1.195503,-0.796104,0.767385,-0.579177,-0.145436,-0.400385,-0.430023,-0.676727,-0.515985,0.461028,-0.413525,-0.36074,0.785423,-0.186409,-0.2543,11595
1.739213,4.229663,1.243839,-0.327995,-0.468149,-1.138865,-0.956183,0.587642,-0.121569,-0.706865,-0.676751,-0.889335,-0.951446,-0.642555,-0.145436,-0.400385,-0.430023,-0.676727,-0.515985,0.461028,-0.413525,-0.36074,0.785423,-0.186409,-0.2543,9980
-0.669832,0,1.243839,-0.327995,-0.468149,0.873784,0.239046,0.587642,-0.121569,0.272912,0.498548,0.462518,0.562762,0.202493,-0.145436,1.19338,0.21835,-0.676727,-0.515985,0.461028,-0.413525,0.145343,0.785423,-0.950684,-0.980364,13295
-0.669832,0,1.243839,3.033954,2.125651,0.873784,0.239046,0.587642,-0.121569,0.272912,0.498548,0.462518,0.562762,0.045007,-0.145436,-0.400385,-0.718189,2.070383,-1.180575,0.461028,3.236992,-0.917431,-1.311105,1.189288,1.052616,13845
-0.669832,0,1.243839,-0.327995,-0.468149,0.873784,1.434274,0.587642,-0.121569,0.272912,0.733608,0.462518,0.562762,0.014278,-0.145436,-0.400385,-0.430023,-0.676727,-0.515985,0.461028,-0.287645,-0.411348,0.785423,-0.033554,0.036126,12290
-2.275862,-0.599728,1.403206,-0.327995,-0.468149,0.873784,0.239046,-1.210367,-0.121569,0.920561,1.195622,0.602365,1.012932,0.684555,-0.145436,-0.400385,0.338419,-0.676727,1.662393,-0.336173,-0.161765,0.24656,0.575771,-0.339264,-0.399512,12940
-1.472847,-1.515103,1.403206,-0.327995,-0.468149,0.873784,1.434274,-1.210367,-0.121569,0.920561,1.195622,0.602365,1.544951,0.918864,-0.145436,-0.400385,0.338419,-0.676727,1.662393,-0.336173,-0.161765,0.24656,0.575771,-0.339264,-0.399512,13415
-2.275862,-0.599728,1.403206,-0.327995,-0.468149,0.873784,0.239046,-1.210367,-0.121569,0.920561,1.195622,0.602365,1.012932,0.728728,-0.145436,-0.400385,0.338419,-0.676727,1.662393,-0.336173,-0.161765,0.24656,0.575771,-0.186409,-0.399512,15985
-1.472847,-1.515103,1.403206,-0.327995,-0.468149,0.873784,1.434274,-1.210367,-0.121569,0.920561,1.195622,0.602365,1.544951,0.934228,-0.145436,-0.400385,0.338419,-0.676727,1.662393,-0.336173,-0.161765,0.24656,0.575771,-0.186409,-0.399512,16515
-2.275862,-0.599728,1.403206,-0.327995,2.125651,0.873784,0.239046,-1.210367,-0.121569,0.920561,1.195622,0.602365,1.012932,0.93999,-0.145436,-0.400385,0.074267,-0.676727,1.071647,-0.336173,-0.665284,1.461159,-0.053188,-1.256395,-1.270789,18420
-1.472847,-1.515103,1.403206,-0.327995,2.125651,0.873784,1.434274,-1.210367,-0.121569,0.920561,1.195622,0.602365,1.544951,1.155093,-0.145436,-0.400385,0.074267,-0.676727,1.071647,-0.336173,-0.665284,1.461159,-0.053188,-1.256395,-1.270789,18950
-1.472847,-0.852246,1.403206,-0.327995,-0.468149,0.873784,0.239046,-1.210367,-0.121569,1.717669,1.195622,1.39483,0.72646,0.761377,-0.145436,-0.400385,0.338419,-0.676727,1.662393,-0.336173,-0.161765,0.24656,0.575771,-0.339264,-0.399512,16845
-1.472847,-0.852246,1.403206,-0.327995,2.125651,0.873784,0.239046,-1.210367,-0.121569,1.717669,1.195622,1.348215,0.72646,0.947672,-0.145436,-0.400385,0.338419,-0.676727,1.662393,-0.336173,-0.363173,1.41055,0.366118,-0.950684,-0.835151,19045
-1.472847,-0.852246,1.403206,-0.327995,-0.468149,0.873784,0.239046,-1.210367,-0.121569,1.717669,1.195622,1.39483,0.72646,0.876611,-1.077137,0.396498,1.106861,-0.676727,0.92396,-1.229039,-0.337997,0.752643,0.785423,-1.10354,-1.125577,21485
-1.472847,-0.852246,1.403206,3.033954,2.125651,0.873784,0.239046,-1.210367,-0.121569,1.717669,1.195622,1.39483,0.72646,1.270327,-0.145436,0.396498,0.434474,2.070383,-1.180575,0.461028,3.236992,0.044126,-0.682146,0.119302,-0.544725,22470
-1.472847,-0.852246,1.403206,-0.327995,2.125651,0.873784,0.239046,-1.210367,-0.121569,1.717669,1.195622,1.39483,0.72646,0.97264,-0.145436,-0.400385,0.338419,-0.676727,1.662393,-0.336173,-0.161765,0.24656,0.575771,-0.950684,-0.835151,22625
